[
  {
    "id": "1",
    "region": "US-NY",
    "season": "spring",
    "style": "casual athleisure",
    "color": "sage green",
    "popularity": 92
  },
  {
    "id": "2",
    "region": "UK-LDN",
    "season": "autumn",
    "style": "elevated streetwear",
    "color": "mocha brown",
    "popularity": 87
  },
  {
    "id": "3",
    "region": "FR-PAR",
    "season": "pre-fall",
    "style": "quiet luxury",
    "color": "butter yellow",
    "popularity": 85
  },
  {
    "id": "4",
    "region": "KR-SEO",
    "season": "winter",
    "style": "techwear urban",
    "color": "charcoal grey",
    "popularity": 83
  },
  {
    "id": "5",
    "region": "AU-SYD",
    "season": "summer",
    "style": "coastal cowgirl",
    "color": "sunset coral",
    "popularity": 90
  },
  {
    "id": "6",
    "region": "JP-TKO",
    "season": "resort",
    "style": "Y2K revival",
    "color": "electric lilac",
    "popularity": 78
  },
  {
    "id": "7",
    "region": "CA-TOR",
    "season": "spring",
    "style": "Scandi minimalism",
    "color": "icy blue",
    "popularity": 74
  },
  {
    "id": "8",
    "region": "BR-SP",
    "season": "autumn",
    "style": "maximalist layering",
    "color": "terracotta orange",
    "popularity": 69
  },
  {
    "id": "9",
    "region": "US-NY",
    "season": "winter",
    "style": "gender-fluid tailoring",
    "color": "olive drab",
    "popularity": 65
  },
  {
    "id": "10",
    "region": "UK-LDN",
    "season": "spring",
    "style": "sustainable chic",
    "color": "lavender haze",
    "popularity": 77
  }
]