{
  "info": {
    "name": "TrendGlobe Fashion Trends API",
    "schema": "https://schema.getpostman.com/json/collection/v2.1.0/collection.json",
    "description": "Live mock API for AI-driven, region-based fashion trends via MockAPI.io"
  },
  "item": [
    {
      "name": "Get All Trends",
      "request": {
        "method": "GET",
        "header": [],
        "url": {
          "raw": "https://6817f2135a4b07b9d1cd9902.mockapi.io/trends",
          "protocol": "https",
          "host": [
            "6817f2135a4b07b9d1cd9902",
            "mockapi",
            "io"
          ],
          "path": [
            "trends"
          ]
        }
      }
    },
    {
      "name": "Get Trend by ID",
      "request": {
        "method": "GET",
        "header": [],
        "url": {
          "raw": "https://6817f2135a4b07b9d1cd9902.mockapi.io/trends/:id",
          "protocol": "https",
          "host": [
            "6817f2135a4b07b9d1cd9902",
            "mockapi",
            "io"
          ],
          "path": [
            "trends",
            ":id"
          ]
        }
      }
    },
    {
      "name": "Create New Trend",
      "request": {
        "method": "POST",
        "header": [
          {
            "key": "Content-Type",
            "value": "application/json"
          }
        ],
        "body": {
          "mode": "raw",
          "raw": "{\n  \"region\": \"US-NY\",\n  \"season\": \"spring\",\n  \"style\": \"casual athleisure\",\n  \"color\": \"sage green\",\n  \"popularity\": 92\n}"
        },
        "url": {
          "raw": "https://6817f2135a4b07b9d1cd9902.mockapi.io/trends",
          "protocol": "https",
          "host": [
            "6817f2135a4b07b9d1cd9902",
            "mockapi",
            "io"
          ],
          "path": [
            "trends"
          ]
        }
      }
    },
    {
      "name": "Update Trend by ID",
      "request": {
        "method": "PUT",
        "header": [
          {
            "key": "Content-Type",
            "value": "application/json"
          }
        ],
        "body": {
          "mode": "raw",
          "raw": "{\n  \"region\": \"UK-LDN\",\n  \"season\": \"spring\",\n  \"style\": \"sustainable chic\",\n  \"color\": \"lavender haze\",\n  \"popularity\": 77\n}"
        },
        "url": {
          "raw": "https://6817f2135a4b07b9d1cd9902.mockapi.io/trends/:id",
          "protocol": "https",
          "host": [
            "6817f2135a4b07b9d1cd9902",
            "mockapi",
            "io"
          ],
          "path": [
            "trends",
            ":id"
          ]
        }
      }
    },
    {
      "name": "Delete Trend by ID",
      "request": {
        "method": "DELETE",
        "header": [],
        "url": {
          "raw": "https://6817f2135a4b07b9d1cd9902.mockapi.io/trends/:id",
          "protocol": "https",
          "host": [
            "6817f2135a4b07b9d1cd9902",
            "mockapi",
            "io"
          ],
          "path": [
            "trends",
            ":id"
          ]
        }
      }
    }
  ]
}